Provider,Provider_Country
American Forces Network,us
Anuvu,us
France TV,fr
Walesi,fj
ABC NT,au
ABC WA,au
ABC Queensland,au
SBS WA,au
SBS Queensland,au
MySat,au
Warner Bros. Discovery,us
Paramount International Networks,us
ABS-CBN,ph
China Radio International,cn
Intelsat,lu
NHK World Network,jp
Pasifika TV,nz
BBC World Service,uk
Nine Entertainment,au
EXRN Radio Network,us
Telstra Broadcast Services,au
ABC Sydney,au
ABC Melbourne,au
Freeview,nz
ABC NSW,au
ABC SA,au
ABC Victoria,au
SBS Victoria,au
SBS Tasmania,au
SBS NSW,au
SBS SA,au
Bricast,--
PSN,id
RTRS 1,ru
RTRS,ru
RTRS 2,ru
Arktik Telekom,ru
GMA Network,ph
Solar Entertainment,ph
Zoe Broadcasting Network,ph
Viva Entertainment,ph
People's TV,ph
SpeedCast,hk
TV 5 Network,ph
Great Wall,cn
APT,hk
VTV,vn
CCTV,cn
China National Radio,cn
CEN TV,cn
HTVC,vn
MWD Digital TV,mm
LaoSat,la
Shanghai Media Group,cn
Xizang TV,cn
Xinjiang TV,cn
Sky PerfecTV!,jp
Chunghwa Telecom,tw
AsiaSat,hk
Sydney Teleport Services,au
Aora TV Satelit,id
Bangladesh Betar,bd
Bangladesh TV,bd
Sony Pictures Networks India,us
Zee Network,in
Metra TV,id
KBS,kr
CGTN,cn
Sichuan TV,cn
JSBC,cn
CETV,cn
Nei Monggol TV,cn
CGN TV,kr
MediaCan,kr
Club TV,ph
InTech,id
Telkomsat,id
KG Media,id
Rodja TV,id
Viva,id
Surau TV,id
TransMedia,id
TVRI,id
RRI,id
RTTL,tl
Emtek,id
MNC Media,id
Indosat Ooredoo Hutchison,id
GMN,tl
Media Group,id
Sahara Samay,in
ABP,in
Nepal TV,np
SS Creative Solutions,ae
Turner International Asia,us
ARY Digital Network,pk
Phoenix New Media,hk
RTRS Yakutia,ru
RTRS Vladivostok,ru
RTRS Khabarovsk,ru
RTRS Blagoveshchensk,ru
RTRS Chita,ru
RSCC,ru
Macau Satellite TV,mo
EBU,ch
STAR TV,hk
Globecast,fr
SETN,tw
TVBS News,tw
BBS,bt
Russkiy Mir,ru
Freesat,lk
E-Vidya,in
DD Free Dish,in
VANDE Gujarat,in
Swayam Prabha,in
Digi Shala,in
DD Meghalaya,in
DD Mizoram,in
DD Assam,in
DD Assamese,in
Doordarshan,in
DD Bangla,in
DD Tamil,in
DD Malayalam,in
DD Punjabi,in
DD Girnar,in
DD Odia,in
DD Himachal Pradesh,in
ITV Network,in
DD Rajasthan,in
DD Madhya Pradesh,in
DD Uttar Pradesh,in
RTM Sabah,my
RTM Sarawak,my
RTM,my
Manila Broadcasting Company,ph
KC Global Media Entertainment,us
Encompass,us
Planetcast,in
IKO MG,it
Astro,my
Gazprom Space Systems,ru
RTRS Krasnoyarsk,ru
RTRS Tomsk,ru
RTRS Novosibirsk,ru
RTRS Hakasiya,ru
RTRS Altai,ru
RTRS Omsk,ru
RTRS Gornij Altai,ru
RTRS Tyva,ru
RTRS Irkutsk,ru
RTRS Kuzbass,ru
RTRS Ulan-Ude,ru
RuSat,ru
Kuzbass 1,ru
TAS,tw
NER Taipei,tw
Voice of Strait,cn
Raj TV Network,in
Gyandarshan 1,in
Kanak Teleport,in
AIR,in
AIR Vijayawada,in
ETV Network,in
Indiasign,in
SVBC,in
Kasthuri TV,in
Mega TV Network,in
Vanitha TV,in
Brahmaputra Tele Productions,in
Mh One TV Network,in
Lamhas,in
Sun 18 Media Services,in
Manorama News,in
MRTV,mm
Thaicom,th
PSI,th
CAT Telecom,th
NBT TV,th
Radio Thailand,th
DLTV,th
Kantipur Media Group,np
TeleNest,pk
SES,lu
Trinity Broadcasting,us
Bol,pk
HBO Asia,us
A1 Telekom Austria,at
PSM,mv
MYTV Broadcasting,my
TAP DMV,ph
BFBS,uk
STV,ru
GeoTelecommunications,ru
Utkarsh Channel,in
KITE VICTERS,in
KTN,ke
IPP Media,tz
TBC,tz
TRBNA,am
Voice of America,us
M-Three satcom,it
Aastha TV,in
Indo Teleports,in
Viacom 18,in
Sports Inspires Life,in
India TV (India),in
The Times Group,in
Zee Zest,in
Network 18,in
Sanskar TV,in
Jaya Network,in
Du,ae
India Today Group,in
Sentech,za
Satelio,de
ViewMedia,uk
IRIB,ir
TV5Monde,fr
Tata Communications,in
Sun TV Network,in
New Delhi TV,in
Connecto TV,ru
RMS Radio,ke
Taban TV,ir
Semnan TV,ir
Zanjan TV,ir
Jahanbin TV,ir
Isfahan TV,ir
Azarbayjan-e Gharbi TV,ir
ZNBC,zm
Alghad FM,iq
Alhurra TV,us
VoA,us
Mediavision,ae
EthioSat,et
Teleradiokom,tj
RRTM,uz
T-Sat,in
TPA,ao
Telemedia,za
RTRS Smolensk,ru
RTRS Bryansk,ru
RTRS Yaroslavl,ru
RTRS Belgorod,ru
RTRS Rostov,ru
RTRS Krasnodar,ru
RTRS Sochi,ru
Wide Network Solutions,uk
Saudi Broadcasting Authority,sa
North Telecom,de
Twofour54,ae
GEM Group,ca
Arqiva,uk
Persiana Media Group,fr
TMT,tm
EBC,et
Panbetting,de
RTRS Yamal,ru
RTRS Saratov,ru
RTRS Yugoria,ru
RTRS Tyumen,ru
RTRS Chelyabinsk,ru
RTRS Ufa,ru
RTRS Sankt Peterburg,ru
RTRS Samara,ru
RTRS Ekaterinburg,ru
RTRS Udmurtia,ru
RTRS Kurgan,ru
RTRS Perm,ru
RTRS Astrakhan,ru
RTRS Ulyanovsk,ru
Silverbird TV,ng
ARB Media Qrup,az
Azercosmos,az
Teleradio,az
Cosmonova Broadcast,ua
Sairtek,ng
TFMediaCast,ng
Nixsat,za
TSTV Africa,ng
TRT,tr
Türksat,tr
Ciner,tr
TRT Antalya,tr
TRT Erzurum,tr
TRT Trabzon,tr
TRT GAP Diyarbakir,tr
Turkuvaz,tr
Dogus Yayin Grubu,tr
Kanal 7,tr
The Walt Disney Company Turkey,us
TGRT,tr
Güç Telekom Medya ve Iletisim Ticaret,tr
TürkMedya,tr
Acunmedya,tr
Mega-Choice,gh
Satview Network,ng
RTRS Stavropol,ru
RTRS Tula,ru
RTRS Kaluga,ru
RTRS Karelija,ru
RTRS Murmansk,ru
RTRS Voronezh,ru
RTRS Mari El,ru
RTRS Makhachkala,ru
RTRS Ryazan,ru
RTRS Penza,ru
RTRS Arkhangelsk,ru
RTRS Lipetsk,ru
RTRS Tambov,ru
RTRS Elista,ru
RTRS Mordovia,ru
RTRS Cheboksary,ru
RTRS Velikiy Novgorod,ru
RTRS Kabardino Balkarija,ru
RTRS Syktyvkar,ru
RTRS Nazran,ru
RTRS Vologda,ru
RTRS Maykop,ru
RTRS Vladimir,ru
RTRS Orel,ru
RTRS Cherkessk,ru
RTRS Ivanovo,ru
RTRS Kirov,ru
RTRS Vladikavkaz,ru
RTRS Kostroma,ru
RTRS Naryan-Mar,ru
RTRS Tatarstan,ru
RTRS Nizhny Novgorod,ru
RTRS Chechnya,ru
RTRS Volgograd,ru
RTRS Pskov,ru
RTRS Tver,ru
ERT,gr
Digea,gr
Intact Media Group,ro
Dunya Media Group,pk
VU TV Network,pk
Suno FM,pk
Geo TV Network,pk
Express,pk
Radio Pakistan,pk
PTV Network,pk
AVT Channels,pk
KTN Network,pk
Hum Network,pk
GeoSat,ge
Stereo Plus,ge
Vivacom MCPC,bg
Global Link,ge
Vidi TV,ba
Vivacom DTT,bg
UAU!TV,ao
ORTAS,sy
Sharjah Broadcasting Authority,ae
WAP,--
Multi TV,gh
MFM Radio,ma
RCS,gh
MBC,sa
TNT Niger,ne
Jordan Media City,jo
Arabsat,sa
Asharq,sa
Palsat,ps
Profen,tr
Dubai Media,ae
Qatar TV,qa
Bahrain TV,bh
Al Kass,qa
IEN Doros,sa
Oman TV,om
Al-Majd Network,sa
Kuwait TV,kw
Sudan TV,sd
TDM,mr
SNRT,ma
Al Rayyan,qa
Rotana,sa
Aljazeera,qa
Grupa ZPR Media,pl
Grupa Radiowa Agory,pl
Grupa RMF,pl
M7 Group,lu
SES Ukraine,lu
RRT,ua
Towercom,sk
Arryadia,ma
MBC Maser,sa
Medi 1 Radio,ma
DalSat Global,so
Hit Radio,ma
ASBU Bouquet,tn
ZDF Vision,de
Beta Digital,ie
ARD Digital,de
Telefónica Servicios Audiovisuales,es
TrendSports,de
ORF Digital,at
RTL Group,de
ProSiebenSat. 1 Media,de
High View,de
HD+,de
Media Broadcast Satellite,de
Signet,ke
EClutch,--
Canal 2 International,cm
Castor Networks,nl
Broadcast Partners,nl
Team:Media,ba
A1 Croatia,hr
TV Româna,ro
OIV,hr
Pro TV,ro
AlbanicaSat,--
Red Media,tr
RTSH,al
Premium Free,za
SNAI,it
Centrul National Media,ro
Ippica,it
STN,si
Mediaset,it
RAI,it
Telespazio,it
Mediawan Thematics,fr
Platforma Canal +,pl
Eutelsat,fr
Svoboda Satellite Bouquet,fr
Canal + Polska,pl
Etisalat,ae
Rwanda TV,rw
StarTimes TV Kenya,ke
New World TV,tg
TVT,tg
2RN,ie
Televisa Networks,mx
Skylogic,it
MTVA,hu
Cairo Communication,it
ZeonBud,ua
RL Piemonte 1,it
Persidera,it
RL Liguria 1,it
RL Valle d'Aosta,it
IVG,tr
Vivacom,bg
Zim Digital,zw
Moreplex TV,ng
TV Continental,ng
NEP Connect,uk
Inter Media Grup,ua
MBC (Malawi),mw
StarTimes TV Tanzania,tz
StarTimes TV Uganda,ug
2M,ma
Channel 8,iq
Vicus Luxlink,de
Dash Media,cm
Slovak Telekom,sk
Telenor,no
NBC,na
TV 2 (Hungary),hu
IMPD TV,br
IMPD TV Worldwide,br
IMPD TV Rondônia,br
CruiseSat,us
WiTV Africa,us
BT Media Group,cm
PSTV,cg
Dream TV Satellite,gy
SkyVision,uk
Antenna Hungária,hu
Tippmix,hu
Rai Way Sicilia 1,--
TowerCast,fr
Alouette,fr
TDF,fr
Sardegna Locale 1,it
ERTU,eg
Nilesat,eg
On TV,eg
DMC,eg
Gulfsat,kw
Viewsat,uk
Eutelsat MENA,fr
TDA,dz
Saba World,lb
Abu Dhabi Media Network,ae
BHS Telecom,ae
ONT,tn
CRTV,cm
TopStar,zm
RFI,fr
My TV,--
Iraqi Media Network,iq
TV Goiânia,br
RT,ru
ESPN,us
TV Sul Bahia,br
TV Barriga Verde,br
Rede Centro Oeste,br
ORTM,ml
TV Cidade Fortaleza,br
Rede Pampa de Rádios,br
TV Cidade Verde Piauí,br
TV Pampa,br
TV Antena 10,br
TV Tropical,br
TV Correio,br
RTP,pt
I Radio,ie
Q Radio,uk
RTVE,es
Aragón TV,es
Telecom CLM,es
Cellnex,es
ICRT,cu
SiBCI,ve
SMTD,ml
Unitel (Greece),gr
Antenna Group,gr
Liga 1,pe
TV Nazaré,br
AMC Networks International Latin America,us
América (Peru),pe
City TV (Colombia),co
Canal Capital,co
ESPN Brasil,us
Trece (Colombia),co
RTVC,co
RCN,co
Teleantioquia,co
Telecaribe,co
Telepacífico,co
Telecafé (Colombia),co
Canal TRO,co
Novo Tempo,us
Ideal TV,br
United Teleports,us
TV Tarobá Cascavel,br
TV Guararapes,br
Sertel,do
Box Brazil,br
Suyapa TV,hn
Rede Amazônica,br
TV Pai Eterno,br
Rede Mais,br
Woohoo,br
Grupo ATV,pe
Antena 7,do
CRP Radios,pe
Latina,pe
IRTP,pe
Televicentro,hn
Grupo RPP,pe
Telesur English,ve
Sersat,ar
Paramount Networks Americas,us
HBO Network Latinoamérica,us
Artear,ar
Albavisión,ni
Walt Disney TV,us
Repretel,cr
Turner,us
CNN,us
Bloomberg TV,us
Igreja Cristã Maranata,br
SportsMax,jm
Caracol TV,co
TV Nacional de Chile,cl
Enlace,cr
CTN (USA),us
María+Visión,mx
Sky México,mx
SBT Rio Grande,br
Grupo Vierci,py
TV Pajuçara,br
Grupo JBB,py
América Paraguay,ar
DTCom,br
Teletrak,cl
Unisa,br
TV Paranaíba,br
TV Sucesso (Brazil),br
Transamérica,br
Record Cabrália,br
Record Interior SP,br
Record Rio Preto,br
Record News,br
Record Paulista,br
VTV (Brazil),br
Record Litoral e Vale,br
Record Interior RJ,br
Record Rio,br
TV Cachoeira,us
Record Minas,br
Rede Família,br
Record Goiás,br
Record RS,br
Record Bahia,br
Record Belém,br
TV UNAM,mx
TV ALEPE,br
TV TEM Bauru,br
Band Triângulo,br
TV TEM São José do Rio Preto,br
TV Integração Juiz de Fora,br
TV ALBA,br
TV TEM Itapetininga,br
TV Integração,br
TVE,br
TV Morena Campo Grande,br
TV Centro América Cuiabá,br
Fundação Padre Anchieta,br
Rede Gospel,br
Boas Novas,br
TV Anhanguera Goiânia,br
Rede Vida,br
EPTV Sul de Minas,br
TV Câmara,br
EPTV Campinas e região,br
TV Senado (Brazil),br
TV Mirante São Luís,br
TV Aparecida,br
Grupo Bandeirantes,br
SBA,br
SBT Rede 1,br
TV Canção Nova Rede,br
Rede Minas,br
TV Evangelizar,br
Rede Amazônica Porto Velho,br
Rede Século 21,br
Rede CNT Satélite,br
Assembleia do Amazonas,br
TV Brasil Central,br
Rede TV!,br
Speedcast,br
Arsat,ar
T5 Satelital,ar
TV A Crítica,br
Rede Bahia,br
TV Jangadeiro,br
TV Mais Família,br
TV Alterosa,br
TV Serra Dourada,br
RBI TV,br
Rede 21,br
TV Gazeta Alagoas,br
TV Thathi Vale,br
Boa Vontade TV,br
Rede CNT Rio de Janeiro,br
SIC TV,br
TV Gazeta São Paulo,br
Fundação Cultural Riograndense,br
SBT Rio,br
TV Thathi Campinas,br
Band Vale,br
Band Amazonas,br
Band Bahia,br
Canais Globo,br
TV Canção Nova,br
Band SP Interior,br
Band Minas,br
Band Rio Interior,br
Band Paraná,br
Band Campinas,br
Big Brother Brasil,br
Band RS,br
Inter TV,br
Fish TV,br
TV Méxiquense,mx
TV Mirante,br
TV Encontro das Águas,br
Rede Massa,br
TV Cultura do Pará,br
TV Assembléia Piauí,br
NET,br
TV PE,br
LPB,us
ABE,bo
MASN,us
Fox Corporation,us
NHL Network,us
TCT,us
The CW Plus,us
Roberts Communications Network,us
Televisa,mx
Family Broadcasting Corporation,us
Azteca,mx
Family Radio (USA),us
PBS,us
Hallmark,us
Paramount Domestic Media Networks HD Plex 4,us
Paramount Domestic Media Networks HD Plex 2,us
Paramount Domestic Media Networks HD Plex,us
Jewelry TV,us
NBC Universal,us
Educational Media Foundation,us
American Family Radio,us
Gulfcom,bb
ION Media Networks,us
HSN,us
QVC,us
Univisión,us
Showtime HD West Plex 2,us
VA+,mx
A Más +,mx
Paramount Domestic Media Networks HD Plex 1,us
Veterans Affairs Knowledge Network,us
Grupo Radio Centro,mx
Canal 10 Chiapas,mx
Canal del Congreso 45.1,mx
Edusat,mx
PCTV,mx
SICOM TV,mx
TM Global Communications,hn
Canal 28 Nuevo León,mx
TV Azteca Guate,mx
TV Cuatro,mx
UDG TV,--
TPSD,do
Ecuador TV,ec
Emisoras Unidas,gt
Grupo ACIR,mx
Cable Color,hn
Az TV de Paga,mx
Panamericana TV,pe
Ecuavisa,ec
Grupo Telemicro,do
The Erotic Networks,us
Atresmedia,es
Thema America,fr
Multimedios,mx
CTV,ca
MLB Network,us
Daystar TV,us
GCI,us
ShopHQ,us
C-SPAN,us
AMC Networks,us
A+E Networks,us
Showtime HD East Plex 2,us
NASA TV,us
Starz,us
Herring Networks,us
MBC America,kr
Media-Comm,us
HBO The Works,us
Bally Sports,us
EWTN,us
Big Ten Network,us
In Demand,us
